model,accuracy,precision_macro,recall_macro,f1_macro,roc_auc_macro
logistic,0.9090909090909091,0.76,0.8,0.7777777777777778,0.9800000000000001
svm,0.9090909090909091,0.76,0.8,0.7777777777777778,0.8
gradient_boost,0.9090909090909091,0.76,0.8,0.7777777777777778,1.0
knn,0.9090909090909091,0.76,0.8,0.7777777777777778,0.8857142857142858
adaboost,0.9090909090909091,0.76,0.8,0.7777777777777778,0.9928571428571429
naive_bayes,0.8181818181818182,0.7333333333333333,0.7,0.6933333333333334,1.0
random_forest,0.8181818181818182,0.7333333333333333,0.7,0.6933333333333334,0.9728571428571428
